-- Kullanici tablosu:
-- Sistemi kullanan ēiftēiler ve ziraat mühendisleri eklenir.
-- Her kullanżcż benzersiz Email adresine sahiptir.


INSERT INTO bitki_sagligi.Kullanici (AdSoyad, Email, Telefon, Rol)
VALUES
('Ali Yżlmaz','ali1@mail.com','0500000001','Ēiftēi'),
('Ayže Demir','ayse2@mail.com','0500000002','Ēiftēi'),
('Mehmet Kaya','mehmet3@mail.com','0500000003','Ēiftēi'),
('Fatma Žen','fatma4@mail.com','0500000004','Ziraat Mühendisi'),
('Ahmet Akżn','ahmet5@mail.com','0500000005','Ēiftēi'),
('Elif Arslan','elif6@mail.com','0500000006','Ēiftēi'),
('Murat Can','murat7@mail.com','0500000007','Ēiftēi'),
('Zeynep Koē','zeynep8@mail.com','0500000008','Ziraat Mühendisi'),
('Burak Yżldżz','burak9@mail.com','0500000009','Ēiftēi'),
('Cansu Acar','cansu10@mail.com','0500000010','Ēiftēi');


-- Lokasyon tablosu:
-- Bitkilerin yetižtirildiši il ve ilēe bilgileri tutulur.
-- (Il, Ilce) kombinasyonu UNIQUE olacak žekilde tasarlanmżžtżr.

INSERT INTO bitki_sagligi.Lokasyon (Il, Ilce)
VALUES
('Adana','Seyhan'),
('Adana','Yürešir'),
('Kayseri','Erkilet'),
('Antalya','Manavgat'),
('Mersin','Tarsus'),
('Mersin','Erdemli'),
('Żzmir','Menemen'),
('Żzmir','Torbalż'),
('Konya','Meram'),
('Žanlżurfa','Viranžehir');


-- Bitki tablosu:
-- Her bitki bir kullanżcżya (sahibine) ve bir lokasyona bašlżdżr.
-- KullaniciID ve LokasyonID foreign key ile iližkilidir.



INSERT INTO bitki_sagligi.Bitki (KullaniciID, LokasyonID, Bitki_Adi, Bitki_Bilimsel_Adi)
VALUES
(1,1,'Domates','Solanum lycopersicum'),
(2,2,'Biber','Capsicum annuum'),
(3,3,'Patlżcan','Solanum melongena'),
(4,4,'Salatalżk','Cucumis sativus'),
(5,5,'Kabak','Cucurbita pepo'),
(6,6,'Marul','Lactuca sativa'),
(7,7,'Sošan','Allium cepa'),
(8,8,'Sarżmsak','Allium sativum'),
(9,9,'Havuē','Daucus carota'),
(10,10,'Ispanak','Spinacia oleracea');

-- Patogen tablosu:
-- Bitkilerde hastalżša neden olan mantar ve bakteriler tutulur.
-- (Patogen_Adi, Patogen_Turu) birlikte benzersizdir.


INSERT INTO bitki_sagligi.Patogen (Patogen_Adi, Patogen_Turu)
VALUES
('Phytophthora infestans','Mantar'),
('Xanthomonas','Bakteri'),
('Fusarium oxysporum','Mantar'),
('Alternaria solani','Mantar'),
('Pseudomonas','Bakteri'),
('Rhizoctonia','Mantar'),
('Botrytis','Mantar'),
('Erwinia','Bakteri'),
('Verticillium','Mantar'),
('Ralstonia','Bakteri');


-- Hastalik tablosu:
-- Bir bitki ile bir patojen iližkilendirilerek hastalżk kaydż olužturulur.
-- Hastalżšż olmayan bitkiler bu tabloda yer almaz.

INSERT INTO bitki_sagligi.Hastalik (BitkiID, PatogenID, Hastalik_Bilimsel_Adi)
VALUES
(1,1,'Geē Yanżklżk'),
(2,2,'Bakteriyel Leke'),
(3,3,'Solgunluk'),
(4,4,'Yaprak Lekesi'),
(5,5,'Külleme'),
(6,6,'Kök Ēürüklüšü'),
(7,7,'Gri Küf'),
(8,8,'Yumužak Ēürüklük'),
(9,9,'Damar Kararmasż'),
(10,10,'Bakteriyel Solgunluk');

-- Tedavi tablosu:
-- Her hastalżk iēin uygulanan tedavi yöntemi ve süresi tutulur.


INSERT INTO bitki_sagligi.Tedavi (HastalikID, Tedavi_Yontemi, Tedavi_Suresi)
VALUES
(1,'Fungisit',14),
(2,'Bakżr Żlacż',10),
(3,'Toprak Islahż',20),
(4,'Biyolojik Mücadele',15),
(5,'Kükürt',12),
(6,'Toprak Dezenfeksiyonu',18),
(7,'Żlaēlama',10),
(8,'Hijyen',7),
(9,'Besin Takviyesi',14),
(10,'Antibakteriyel',16);

-- VakaKaydi tablosu:
-- Bir kullanżcżnżn bitkisi iēin uygulanan tedavi kayżt altżna alżnżr.
-- Bu tablo, sistemdeki hastalżk vakalarżnż temsil eder.


INSERT INTO bitki_sagligi.VakaKaydi (KullaniciID, BitkiID, TedaviID)
VALUES
(1,1,1),
(2,2,2),
(3,3,3),
(4,4,4),
(5,5,5),
(6,6,6),
(7,7,7),
(8,8,8),
(9,9,9),
(10,10,10);

-- Bu bitkiler sisteme eklenmižtir ancak henüz hastalżk kaydż yoktur.
-- Bu sayede "hasta olmayan bitkiler" sorgularż yapżlabilir.



INSERT INTO bitki_sagligi.Bitki (KullaniciID, LokasyonID, Bitki_Adi, Bitki_Bilimsel_Adi)
VALUES
(6, 6, 'Roka', 'Eruca sativa'),
(7, 7, 'Dereotu', 'Anethum graveolens'),
(8, 8, 'Maydanoz', 'Petroselinum crispum'),
(9, 9, 'Reyhan', 'Ocimum basilicum'),
(10,10,'Tere', 'Lepidium sativum');





-- Her bitki iēin bir bölge tanżmż
INSERT INTO bitki_sagligi.BitkiBolgesi (BitkiID, Bitki_Bolge_Adi)
VALUES
(1, 'Tarla-1'),
(2, 'Tarla-2'),
(3, 'Tarla-3');


INSERT INTO bitki_sagligi.BitkiBolgesi (BitkiID, Bitki_Bolge_Adi)
VALUES
(1, 'Gövde'),
(1, 'Kök'),
(2, 'Kök'),
(3, 'Gövde');


INSERT INTO bitki_sagligi.ToprakAnalizi (BolgeID, pH, Azot, Fosfor, Potasyum)
VALUES
(1, 6.5, 2.1, 1.3, 2.0),
(2, 6.8, 2.4, 1.5, 2.2),
(3, 7.0, 1.9, 1.2, 1.8),
(4, 6.6, 2.0, 1.4, 2.1);




-- 1. rapor
-- VakaID = 1
-- AnalizID = 11
-- Raporu olužturan = KullaniciID 4 (Fatma Žen)

INSERT INTO bitki_sagligi.Rapor (VakaID, AnalizID, KullaniciID)
VALUES (1, 11, 4);


-- 2. rapor
-- VakaID = 2
-- AnalizID = 12
-- Raporu olužturan = KullaniciID 8 (Zeynep Koē)

INSERT INTO bitki_sagligi.Rapor (VakaID, AnalizID, KullaniciID)
VALUES (2, 12, 8);








